CustomerID,Age_x,Annual Income (k$)_x,Spending Score (1-100)_x,Age_y,Annual Income (k$)_y,Spending Score (1-100)_y,Purchase Frequency,Product Category,Date of Last Purchase,Gender_x_Male,Gender_y_Male
0.3969849246231156,0.5961538461538463,0.319672131147541,0.4183673469387755,0.2941176470588236,0.2666666666666666,0.3838383838383838,0.9090909090909092,Clothing,2024-01-17 11:59:39.057321,0.0,0.0
0.9899497487437184,0.2692307692307693,0.9098360655737704,0.7448979591836734,0.3921568627450981,0.9333333333333332,0.8787878787878789,0.6363636363636364,Clothing,2024-10-11 11:59:39.057599,1.0,1.0
0.1909547738693467,0.3461538461538461,0.180327868852459,0.2551020408163265,0.2745098039215686,0.6555555555555556,0.2323232323232323,0.2727272727272727,Electronics,2024-03-05 11:59:39.057244,0.0,0.0
0.1206030150753768,0.6923076923076924,0.1065573770491803,0.1326530612244897,0.7254901960784313,0.0444444444444444,0.6767676767676769,0.7272727272727273,Clothing,2024-03-03 11:59:39.057221,0.0,1.0
0.6130653266331658,0.4230769230769231,0.4426229508196722,0.5816326530612245,0.4313725490196078,0.6111111111111112,0.3333333333333333,0.6363636363636364,Sports,2024-01-17 11:59:39.057410,0.0,1.0
0.9798994974874372,0.326923076923077,0.8606557377049181,0.7959183673469387,0.4901960784313726,0.5222222222222223,0.6767676767676769,0.3636363636363636,Beauty,2024-04-21 11:59:39.057596,0.0,1.0
0.1457286432160804,0.0961538461538462,0.1147540983606557,0.8775510204081631,0.1176470588235294,0.8555555555555555,0.5353535353535355,0.4545454545454545,Sports,2024-06-20 11:59:39.057229,0.0,0.0
0.0954773869346733,0.326923076923077,0.0655737704918032,0.9897959183673468,1.0,0.4649357900614181,0.3131313131313131,0.1818181818181818,Beauty,2024-05-20 11:59:39.057212,0.0,0.0
0.7185929648241206,0.2692307692307693,0.5,0.8775510204081631,0.1372549019607843,0.8444444444444444,0.5252525252525253,0.3636363636363636,Home & Kitchen,2024-01-29 11:59:39.057469,0.0,0.0
0.4321608040201005,0.7115384615384616,0.3442622950819672,0.5816326530612245,0.3921568627450981,0.5,0.6060606060606062,0.2727272727272727,Home & Kitchen,2024-10-30 11:59:39.057340,0.0,0.0
0.5728643216080402,0.0,0.4098360655737705,0.4795918367346938,0.4901960784313726,0.1444444444444444,0.3636363636363636,0.9090909090909092,Beauty,2024-04-29 11:59:39.057390,0.0,0.0
0.8693467336683417,0.3461538461538461,0.5901639344262295,0.9285714285714284,0.0392156862745098,0.4111111111111111,0.2727272727272727,0.8181818181818182,Clothing,2024-03-04 11:59:39.057558,1.0,1.0
0.0251256281407035,0.0769230769230769,0.0163934426229508,0.7653061224489796,0.5686274509803921,0.7111111111111111,0.0909090909090909,0.4545454545454545,Clothing,2024-04-17 11:59:39.057187,0.0,1.0
0.6331658291457286,0.4807692307692308,0.4590163934426229,0.346938775510204,0.7058823529411765,0.7000000000000001,0.1515151515151515,0.1818181818181818,Beauty,2024-03-26 11:59:39.057423,1.0,0.0
0.5879396984924623,0.5961538461538463,0.4098360655737705,0.5918367346938775,0.4117647058823529,0.1333333333333333,0.2525252525252525,0.0909090909090909,Electronics,2024-02-02 11:59:39.057398,0.0,1.0
0.3668341708542713,0.8076923076923078,0.2868852459016393,0.5612244897959183,0.0392156862745098,0.1777777777777778,0.0,0.5454545454545454,Electronics,2024-05-05 11:59:39.057306,0.0,0.0
0.7035175879396984,0.7500000000000001,0.4918032786885246,0.0408163265306122,0.1372549019607843,0.3222222222222222,0.2626262626262626,0.7272727272727273,Beauty,2024-06-13 11:59:39.057461,0.0,0.0
0.4924623115577889,0.576923076923077,0.3770491803278688,0.4183673469387755,0.2941176470588236,0.2999999999999999,0.1515151515151515,0.8181818181818182,Sports,2024-09-05 11:59:39.057359,1.0,0.0
0.864321608040201,0.3461538461538461,0.5901639344262295,0.0918367346938775,0.2156862745098039,0.4111111111111111,0.5353535353535355,0.0909090909090909,Clothing,2024-05-11 11:59:39.057545,1.0,1.0
0.4824120603015075,0.5576923076923077,0.3688524590163934,0.4693877551020408,0.7058823529411765,0.7999999999999999,0.8080808080808082,0.0909090909090909,Sports,2024-10-13 11:59:39.057356,0.0,0.0
0.8492462311557789,0.2692307692307693,0.5901639344262295,0.6326530612244897,0.0784313725490196,0.5111111111111111,0.8080808080808082,0.5454545454545454,Beauty,2024-03-10 11:59:39.057537,1.0,1.0
0.4874371859296482,0.1730769230769231,0.3688524590163934,0.5,0.4313725490196078,0.8111111111111112,0.0202020202020202,0.5454545454545454,Clothing,2024-10-08 11:59:39.057357,0.0,1.0
0.1557788944723618,0.0576923076923077,0.1229508196721311,0.7346938775510203,0.8823529411764707,0.9555555555555556,0.4141414141414141,0.6363636363636364,Clothing,2023-12-06 11:59:39.057232,0.0,0.0
0.0603015075376884,0.7692307692307693,0.040983606557377,0.1428571428571428,0.8823529411764707,0.4222222222222221,0.1818181818181818,1.0,Beauty,2024-10-22 11:59:39.057200,0.0,1.0
0.1758793969849246,0.0576923076923077,0.1475409836065573,0.8163265306122448,0.8627450980392156,0.5777777777777777,0.3737373737373737,0.2727272727272727,Beauty,2024-05-15 11:59:39.057239,0.0,1.0
0.5979899497487438,0.6153846153846154,0.4262295081967213,0.5714285714285714,1.0,0.2111111111111111,0.101010101010101,0.3636363636363636,Home & Kitchen,2024-09-25 11:59:39.057403,0.0,0.0
0.2110552763819095,0.576923076923077,0.1967213114754098,0.3571428571428571,0.1176470588235294,0.1333333333333333,0.7171717171717172,0.0,Beauty,2023-12-17 11:59:39.057250,1.0,0.0
0.949748743718593,0.3461538461538461,0.7213114754098361,0.8571428571428571,0.7450980392156864,0.4444444444444444,0.2727272727272727,0.8181818181818182,Electronics,2024-07-24 11:59:39.057586,0.0,1.0
0.4522613065326633,0.9615384615384616,0.360655737704918,0.5510204081632653,0.9215686274509804,0.0555555555555555,0.97979797979798,0.1818181818181818,Sports,2024-08-17 11:59:39.057346,0.0,0.0
0.6834170854271356,0.5000000000000001,0.4754098360655737,0.0612244897959183,0.1372549019607843,0.4888888888888889,0.1717171717171717,0.3636363636363636,Electronics,2024-04-12 11:59:39.057450,0.0,1.0
0.2562814070351759,0.2884615384615385,0.221311475409836,0.6020408163265305,0.5686274509803921,0.4555555555555556,0.5353535353535355,0.4545454545454545,Clothing,2024-08-18 11:59:39.057265,1.0,1.0
0.6381909547738693,0.4230769230769231,0.4590163934426229,0.9591836734693876,0.9019607843137256,0.4555555555555556,0.6767676767676769,1.0,Home & Kitchen,2024-03-23 11:59:39.057427,1.0,1.0
0.8140703517587939,0.0192307692307692,0.5409836065573771,0.0408163265306122,0.2549019607843137,0.6777777777777777,0.7575757575757577,1.0,Beauty,2024-03-31 11:59:39.057518,1.0,0.0
0.2060301507537688,0.1153846153846154,0.1885245901639344,0.9285714285714284,0.8627450980392156,0.0666666666666666,0.1414141414141414,0.0909090909090909,Beauty,2024-02-11 11:59:39.057249,1.0,1.0
0.592964824120603,0.6346153846153847,0.4262295081967213,0.4285714285714285,0.3725490196078431,0.5888888888888889,0.7676767676767677,0.4545454545454545,Sports,2024-04-11 11:59:39.057401,0.0,0.0
0.5678391959798995,0.0192307692307692,0.4016393442622951,0.4591836734693877,0.4509803921568628,0.1111111111111111,0.4545454545454546,0.0,Sports,2024-08-23 11:59:39.057387,1.0,0.0
0.1306532663316583,0.5192307692307693,0.1065573770491803,0.3163265306122448,0.823529411764706,0.5888888888888889,0.4848484848484848,1.0,Clothing,2024-10-06 11:59:39.057224,0.0,1.0
0.6984924623115578,0.326923076923077,0.4836065573770491,0.7244897959183673,0.5490196078431373,0.011111111111111,0.8080808080808082,0.0,Clothing,2024-06-25 11:59:39.057458,0.0,1.0
0.5025125628140703,0.0961538461538462,0.3852459016393442,0.4081632653061224,0.9019607843137256,0.1222222222222221,0.8585858585858587,0.8181818181818182,Electronics,2023-12-24 11:59:39.057362,0.0,0.0
0.5577889447236181,0.0192307692307692,0.3934426229508196,0.5408163265306122,0.3921568627450981,0.7999999999999999,0.9595959595959596,1.0,Clothing,2023-11-03 11:59:39.057382,0.0,0.0
0.0100502512562814,0.0384615384615384,0.0081967213114754,0.0510204081632653,0.1568627450980392,0.0,0.5050505050505052,0.0,Beauty,2024-03-14 11:59:39.057181,0.0,1.0
0.3869346733668342,0.4230769230769231,0.319672131147541,0.4795918367346938,0.3921568627450981,0.1666666666666666,0.98989898989899,0.1818181818181818,Home & Kitchen,2024-03-09 11:59:39.057316,1.0,0.0
0.2311557788944723,0.6153846153846154,0.2049180327868852,0.5510204081632653,0.8823529411764707,0.0444444444444444,0.8989898989898991,0.1818181818181818,Sports,2024-04-23 11:59:39.057257,0.0,1.0
0.9396984924623116,0.1923076923076924,0.7049180327868853,0.6836734693877551,0.7647058823529412,0.1777777777777778,0.0606060606060606,0.8181818181818182,Beauty,2024-02-10 11:59:39.057583,1.0,1.0
0.9597989949748744,0.2692307692307693,0.7213114754098361,0.693877551020408,0.1960784313725491,0.3444444444444444,0.4545454545454546,0.4545454545454545,Sports,2024-08-03 11:59:39.057590,0.0,1.0
0.4271356783919597,0.576923076923077,0.319672131147541,0.4591836734693877,0.0588235294117647,0.6444444444444445,0.9696969696969698,0.4545454545454545,Clothing,2024-01-08 11:59:39.057338,1.0,1.0
0.8090452261306532,0.2115384615384615,0.5245901639344263,0.836734693877551,0.1372549019607843,0.1555555555555555,0.5151515151515152,0.8181818181818182,Electronics,2024-10-19 11:59:39.057515,0.0,1.0
0.1809045226130653,0.4615384615384615,0.1557377049180328,0.1632653061224489,0.3921568627450981,0.0444444444444444,0.6060606060606062,0.0,Home & Kitchen,2024-05-02 11:59:39.057241,0.0,0.0
0.9547738693467336,0.3076923076923077,0.7213114754098361,0.2244897959183673,0.9215686274509804,0.7222222222222222,0.0303030303030303,0.1818181818181818,Sports,2024-06-23 11:59:39.057588,0.0,0.0
0.3065326633165829,0.0192307692307692,0.2540983606557377,0.5510204081632653,0.6470588235294118,0.0777777777777777,0.8080808080808082,0.5454545454545454,Electronics,2024-02-28 11:59:39.057281,1.0,0.0
0.1105527638190954,0.5384615384615385,0.081967213114754,0.0408163265306122,0.3137254901960784,0.4666666666666667,0.4747474747474747,0.4545454545454545,Beauty,2023-11-12 11:59:39.057216,0.0,0.0
0.7085427135678392,0.2692307692307693,0.4918032786885246,0.9387755102040816,1.0,0.5111111111111111,0.686868686868687,0.8181818181818182,Beauty,2024-02-06 11:59:39.057464,1.0,1.0
0.507537688442211,0.5961538461538463,0.3852459016393442,0.4795918367346938,0.9215686274509804,0.888888888888889,0.0505050505050505,0.9090909090909092,Sports,2024-08-18 11:59:39.057364,0.0,0.0
0.1658291457286432,0.0,0.1475409836065573,0.9285714285714284,0.9803921568627452,0.2111111111111111,0.2626262626262626,0.0,Clothing,2024-09-13 11:59:39.057236,1.0,0.0
0.0552763819095477,0.326923076923077,0.0327868852459016,1.0,0.823529411764706,0.3666666666666667,0.9494949494949496,0.9090909090909092,Clothing,2024-05-06 11:59:39.057198,0.0,0.0
0.9748743718592964,0.5576923076923077,0.8606557377049181,0.1530612244897959,0.823529411764706,0.4111111111111111,0.0101010101010101,0.9090909090909092,Beauty,2024-06-03 11:59:39.057594,0.0,1.0
0.7989949748743719,0.2307692307692308,0.5163934426229508,0.7346938775510203,0.823529411764706,0.2555555555555555,0.1515151515151515,0.9090909090909092,Beauty,2023-11-02 11:59:39.057510,0.0,1.0
0.0301507537688442,0.326923076923077,0.0245901639344262,0.0510204081632653,0.7647058823529412,0.7999999999999999,0.1616161616161616,1.0,Electronics,2024-09-30 11:59:39.057188,0.0,0.0
0.135678391959799,0.326923076923077,0.1065573770491803,0.6122448979591836,0.5294117647058824,0.1999999999999999,0.5252525252525253,0.9090909090909092,Electronics,2024-02-01 11:59:39.057226,1.0,0.0
0.6030150753768844,0.1730769230769231,0.4262295081967213,0.5612244897959183,0.2549019607843137,0.0333333333333333,0.0404040404040404,0.9090909090909092,Electronics,2024-08-27 11:59:39.057405,1.0,0.0
0.0201005025125628,0.25,0.0163934426229508,0.3979591836734693,0.4901960784313726,0.4222222222222221,0.8989898989898991,0.0,Home & Kitchen,2024-07-27 11:59:39.057185,0.0,0.0
0.1608040201005025,0.6730769230769232,0.1475409836065573,0.0306122448979591,0.2745098039215686,0.9888888888888888,0.5656565656565657,0.9090909090909092,Home & Kitchen,2024-02-11 11:59:39.057234,1.0,1.0
0.7135678391959799,0.1923076923076924,0.5,0.3979591836734693,1.0,0.0999999999999999,0.1313131313131313,0.7272727272727273,Home & Kitchen,2024-04-25 11:59:39.057466,0.0,1.0
0.728643216080402,0.1923076923076924,0.5081967213114754,0.9795918367346936,0.6862745098039217,0.2888888888888888,0.6969696969696971,0.0,Beauty,2023-12-28 11:59:39.057474,1.0,1.0
0.5477386934673367,0.9230769230769232,0.3934426229508196,0.4795918367346938,0.0588235294117647,0.1999999999999999,0.5656565656565657,0.4545454545454545,Sports,2023-11-16 11:59:39.057378,1.0,1.0
0.7236180904522613,0.1346153846153846,0.5081967213114754,0.1122448979591836,0.4117647058823529,0.1999999999999999,0.8181818181818183,0.9090909090909092,Sports,2024-10-21 11:59:39.057472,1.0,1.0
0.050251256281407,0.9423076923076924,0.0327868852459016,0.1326530612244897,0.4705882352941176,0.7000000000000001,0.5353535353535355,0.6363636363636364,Beauty,2024-10-19 11:59:39.057197,1.0,0.0
0.3115577889447236,0.9423076923076924,0.2622950819672131,0.520408163265306,0.3725490196078431,0.8666666666666666,0.8181818181818183,0.3636363636363636,Beauty,2023-12-17 11:59:39.057283,0.0,0.0
0.5628140703517588,0.3846153846153847,0.4016393442622951,0.4183673469387755,0.5098039215686275,0.6,0.3232323232323232,0.5454545454545454,Electronics,2024-06-28 11:59:39.057385,0.0,1.0
0.7336683417085427,0.576923076923077,0.5081967213114754,0.3571428571428571,0.8823529411764707,0.0,0.5151515151515152,0.6363636363636364,Home & Kitchen,2023-12-24 11:59:39.057477,1.0,0.0
0.8341708542713567,0.4615384615384615,0.5819672131147541,0.1938775510204081,0.7254901960784313,0.1777777777777778,0.8585858585858587,0.7272727272727273,Electronics,2023-11-02 11:59:39.057528,1.0,0.0
0.0,0.0192307692307692,0.0,0.3877551020408162,0.4509803921568628,0.0222222222222222,0.7676767676767677,0.3636363636363636,Home & Kitchen,2024-08-01 11:59:39.057169,0.0,0.0
0.9949748743718592,0.2692307692307693,1.0,0.173469387755102,0.5882352941176471,0.0555555555555555,0.101010101010101,0.5454545454545454,Sports,2024-06-05 11:59:39.057601,1.0,0.0
0.7688442211055276,0.3846153846153847,0.5163934426229508,0.7653061224489796,0.1960784313725491,0.5222222222222223,0.7272727272727274,0.0,Sports,2024-04-15 11:59:39.057494,0.0,0.0
0.3517587939698492,1.0,0.2786885245901639,0.5510204081632653,0.7254901960784313,0.9666666666666668,0.5757575757575758,0.8181818181818182,Electronics,2024-05-17 11:59:39.057298,1.0,1.0
0.6180904522613065,0.4038461538461538,0.4426229508196722,0.9183673469387754,0.3529411764705882,0.9666666666666668,0.393939393939394,0.2727272727272727,Beauty,2023-11-30 11:59:39.057414,1.0,0.0
0.321608040201005,0.8653846153846155,0.2704918032786885,0.510204081632653,0.1960784313725491,0.6555555555555556,0.6161616161616162,0.7272727272727273,Home & Kitchen,2024-04-12 11:59:39.057286,1.0,0.0
0.2211055276381909,0.5961538461538463,0.1967213114754098,0.2755102040816326,0.6470588235294118,0.2111111111111111,0.8888888888888891,0.9090909090909092,Home & Kitchen,2024-10-14 11:59:39.057254,0.0,1.0
0.8190954773869347,0.25,0.5409836065573771,0.9387755102040816,0.7843137254901961,0.4888888888888889,0.595959595959596,0.3636363636363636,Electronics,2024-04-14 11:59:39.057521,0.0,0.0
0.1407035175879397,0.4230769230769231,0.1147540983606557,0.3061224489795918,0.0980392156862745,0.688888888888889,0.0101010101010101,0.1818181818181818,Beauty,2024-04-10 11:59:39.057228,0.0,0.0
0.2010050251256281,0.903846153846154,0.1885245901639344,0.346938775510204,0.8039215686274509,0.6444444444444445,0.3535353535353535,0.4545454545454545,Beauty,2024-08-15 11:59:39.057247,0.0,1.0
0.542713567839196,0.9615384615384616,0.3934426229508196,0.4285714285714285,0.7450980392156864,0.1555555555555555,0.5050505050505052,0.3636363636363636,Sports,2024-01-16 11:59:39.057376,1.0,0.0
0.7788944723618091,0.1730769230769231,0.5163934426229508,0.8979591836734693,0.2156862745098039,0.0333333333333333,0.1717171717171717,0.3636363636363636,Beauty,2024-09-08 11:59:39.057499,0.0,1.0
0.7839195979899497,0.3653846153846154,0.5163934426229508,0.0,0.3333333333333333,0.8555555555555555,0.202020202020202,1.0,Beauty,2024-02-02 11:59:39.057502,1.0,1.0
0.1256281407035176,0.2115384615384615,0.1065573770491803,0.8265306122448979,0.0,0.6777777777777777,0.0707070707070707,0.0,Home & Kitchen,2024-09-21 11:59:39.057223,1.0,1.0
0.1155778894472361,0.25,0.081967213114754,0.7346938775510203,0.2156862745098039,0.0777777777777777,0.8181818181818183,0.8181818181818182,Beauty,2024-02-22 11:59:39.057219,1.0,0.0
0.9246231155778896,0.4423076923076924,0.6885245901639344,0.3877551020408162,0.5686274509803921,0.2222222222222222,0.1818181818181818,0.4545454545454545,Beauty,2024-05-02 11:59:39.057578,0.0,1.0
0.7386934673366834,0.2692307692307693,0.5081967213114754,0.7448979591836734,0.4901960784313726,0.2888888888888888,0.9494949494949496,0.5454545454545454,Electronics,2024-03-04 11:59:39.057479,0.0,0.0
0.4070351758793969,0.3846153846153847,0.319672131147541,0.5510204081632653,0.2352941176470588,0.5555555555555556,0.7777777777777779,1.0,Clothing,2024-04-18 11:59:39.057326,1.0,0.0
0.1959798994974874,0.0384615384615384,0.180327868852459,0.7551020408163265,0.4509803921568628,0.5444444444444444,0.1313131313131313,0.9090909090909092,Home & Kitchen,2024-10-16 11:59:39.057245,0.0,0.0
0.8442211055276382,0.3461538461538461,0.5901639344262295,0.2653061224489795,0.0588235294117647,0.2888888888888888,0.4545454545454546,0.4545454545454545,Electronics,2023-12-28 11:59:39.057534,0.0,0.0
0.236180904522613,0.1730769230769231,0.2049180327868852,0.4693877551020408,0.2745098039215686,0.8444444444444444,0.5757575757575758,0.2727272727272727,Beauty,2024-05-13 11:59:39.057258,0.0,0.0
0.4723618090452261,0.2692307692307693,0.3688524590163934,0.4183673469387755,0.3333333333333333,0.7333333333333333,0.5151515151515152,0.1818181818181818,Home & Kitchen,2024-02-14 11:59:39.057353,0.0,0.0
0.7738693467336684,0.5576923076923077,0.5163934426229508,0.1530612244897959,0.607843137254902,0.9777777777777776,0.8080808080808082,0.0,Electronics,2023-12-17 11:59:39.057496,0.0,0.0
0.2160804020100502,0.25,0.1967213114754098,0.6122448979591836,0.5294117647058824,0.6666666666666666,0.7777777777777779,0.4545454545454545,Clothing,2024-06-08 11:59:39.057252,0.0,1.0
0.6934673366834171,0.0192307692307692,0.4836065573770491,0.0918367346938775,0.3725490196078431,0.2444444444444444,0.6666666666666667,0.6363636363636364,Sports,2024-09-27 11:59:39.057456,1.0,1.0
0.0150753768844221,0.0961538461538462,0.0081967213114754,0.7755102040816326,0.5294117647058824,0.2555555555555555,0.0909090909090909,0.2727272727272727,Home & Kitchen,2024-06-19 11:59:39.057183,0.0,1.0
0.5276381909547738,0.0576923076923077,0.3852459016393442,0.4183673469387755,0.6470588235294118,0.5888888888888889,0.6767676767676769,0.8181818181818182,Beauty,2024-10-19 11:59:39.057371,0.0,1.0
0.2663316582914573,0.7884615384615384,0.2295081967213114,0.6020408163265305,0.9411764705882354,0.9888888888888888,0.2222222222222222,0.1818181818181818,Electronics,2024-08-04 11:59:39.057268,1.0,1.0
0.6683417085427136,0.25,0.4672131147540983,0.7142857142857142,0.0392156862745098,0.5,0.3737373737373737,0.0,Sports,2024-07-02 11:59:39.057442,0.0,1.0
0.9045226130653268,0.3653846153846154,0.6721311475409836,0.3163265306122448,0.9803921568627452,0.1444444444444444,0.8383838383838385,0.9090909090909092,Clothing,2024-04-27 11:59:39.057572,0.0,0.0
0.8944723618090452,0.7884615384615384,0.639344262295082,0.1326530612244897,0.1372549019607843,0.8333333333333334,0.4040404040404041,1.0,Electronics,2024-02-18 11:59:39.057569,1.0,1.0
0.9296482412060302,0.2307692307692308,0.6885245901639344,0.9795918367346936,0.6862745098039217,0.5333333333333333,0.9595959595959596,1.0,Beauty,2024-03-04 11:59:39.057580,1.0,0.0
0.2462311557788944,0.25,0.2049180327868852,0.4183673469387755,0.0392156862745098,0.1777777777777778,0.2323232323232323,0.5454545454545454,Beauty,2024-01-26 11:59:39.057261,0.0,0.0
0.4020100502512562,0.7500000000000001,0.319672131147541,0.510204081632653,0.4705882352941176,0.0444444444444444,0.6969696969696971,0.7272727272727273,Clothing,2024-08-23 11:59:39.057324,1.0,0.0
0.1708542713567839,0.5961538461538463,0.1475409836065573,0.1326530612244897,0.0980392156862745,0.5,0.4747474747474747,0.0,Clothing,2024-09-21 11:59:39.057238,0.0,0.0
0.0351758793969849,0.0961538461538462,0.0245901639344262,0.9489795918367346,0.8823529411764707,0.3555555555555555,0.5353535353535355,1.0,Beauty,2024-05-02 11:59:39.057191,0.0,1.0
0.5527638190954773,0.903846153846154,0.3934426229508196,0.520408163265306,0.0,0.6,0.1313131313131313,1.0,Electronics,2024-05-15 11:59:39.057380,1.0,1.0
0.457286432160804,0.0,0.360655737704918,0.4081632653061224,0.4705882352941176,0.688888888888889,0.2929292929292929,1.0,Home & Kitchen,2024-10-23 11:59:39.057348,1.0,0.0
0.4170854271356783,0.5384615384615385,0.319672131147541,0.4387755102040815,0.1764705882352941,0.5222222222222223,0.5454545454545455,0.1818181818181818,Beauty,2024-10-26 11:59:39.057333,0.0,1.0
0.8844221105527638,0.7692307692307693,0.5983606557377049,0.1428571428571428,0.3333333333333333,0.4555555555555556,0.8888888888888891,0.8181818181818182,Electronics,2024-01-04 11:59:39.057565,1.0,1.0
0.9095477386934672,0.2692307692307693,0.6721311475409836,0.8673469387755102,0.5098039215686275,0.7555555555555556,0.0707070707070707,0.4545454545454545,Beauty,2024-05-09 11:59:39.057574,0.0,0.0
0.4472361809045226,0.6153846153846154,0.3524590163934426,0.4591836734693877,0.0980392156862745,0.0555555555555555,0.6363636363636365,0.0,Beauty,2024-08-05 11:59:39.057344,0.0,0.0
0.0402010050251256,0.8846153846153847,0.0327868852459016,0.0204081632653061,0.4901960784313726,0.4666666666666667,0.3838383838383838,0.2727272727272727,Sports,2024-09-13 11:59:39.057193,1.0,1.0
0.0653266331658291,0.1153846153846154,0.040983606557377,0.7755102040816326,0.823529411764706,0.5777777777777777,0.7575757575757577,0.509365006852444,Electronics,2024-08-03 11:59:39.057201,0.0,0.0
0.2964824120603015,0.6730769230769232,0.2540983606557377,0.4591836734693877,0.7254901960784313,0.688888888888889,0.4545454545454546,0.5454545454545454,Home & Kitchen,2024-05-17 11:59:39.057278,1.0,0.0
0.8592964824120602,0.1923076923076924,0.5901639344262295,0.7551020408163265,0.0392156862745098,0.6666666666666666,0.9595959595959596,0.2727272727272727,Clothing,2024-08-07 11:59:39.057542,1.0,1.0
0.6582914572864321,0.4038461538461538,0.4590163934426229,0.7551020408163265,0.3921568627450981,0.0999999999999999,0.0808080808080808,0.6363636363636364,Clothing,2024-07-09 11:59:39.057437,1.0,0.0
0.0854271356783919,0.0384615384615384,0.0491803278688524,0.6632653061224489,0.0784313725490196,0.2222222222222222,0.4545454545454546,0.4545454545454545,Home & Kitchen,2023-12-03 11:59:39.057208,1.0,0.0
0.3618090452261306,0.8076923076923078,0.2868852459016393,0.4897959183673468,0.6274509803921569,0.4111111111111111,0.595959595959596,0.5454545454545454,Home & Kitchen,2024-07-03 11:59:39.057304,0.0,0.0
0.8793969849246231,0.2307692307692308,0.5983606557377049,0.8673469387755102,0.8431372549019608,0.9,0.6262626262626264,0.2727272727272727,Beauty,2024-08-12 11:59:39.057564,0.0,0.0
0.6733668341708543,0.0384615384615384,0.4754098360655737,0.0408163265306122,0.9607843137254902,0.9777777777777776,0.3636363636363636,0.3636363636363636,Sports,2023-12-07 11:59:39.057445,1.0,1.0
0.8391959798994975,0.2884615384615385,0.5819672131147541,0.9591836734693876,0.8039215686274509,0.0333333333333333,0.3838383838383838,0.7272727272727273,Beauty,2024-03-11 11:59:39.057532,0.0,1.0
0.9195979899497488,0.2115384615384615,0.680327868852459,0.8877551020408162,0.5098039215686275,0.4333333333333333,0.3838383838383838,0.1818181818181818,Beauty,2023-12-16 11:59:39.057577,0.0,1.0
0.3165829145728643,0.6923076923076924,0.2622950819672131,0.5918367346938775,0.5294117647058824,0.9888888888888888,0.1111111111111111,0.7272727272727273,Home & Kitchen,2023-11-20 11:59:39.057284,0.0,0.0
0.271356783919598,0.6153846153846154,0.2295081967213114,0.4489795918367346,0.9215686274509804,0.7777777777777778,0.3131313131313131,0.9090909090909092,Electronics,2024-08-12 11:59:39.057270,0.0,0.0
0.5376884422110553,0.6923076923076924,0.3934426229508196,0.4591836734693877,0.0784313725490196,0.4333333333333333,0.9090909090909092,0.0,Clothing,2024-03-23 11:59:39.057374,1.0,1.0
0.2512562814070351,0.5961538461538463,0.221311475409836,0.520408163265306,0.6862745098039217,0.888888888888889,0.98989898989899,0.1818181818181818,Sports,2023-11-11 11:59:39.057263,0.0,0.0
0.984924623115578,0.5192307692307693,0.9098360655737704,0.2755102040816326,0.8039215686274509,0.5888888888888889,0.0808080808080808,0.4545454545454545,Clothing,2023-12-13 11:59:39.057597,0.0,0.0
0.2914572864321608,0.1730769230769231,0.2540983606557377,0.510204081632653,0.6666666666666666,0.5444444444444444,0.1818181818181818,0.5454545454545454,Beauty,2023-12-18 11:59:39.057276,0.0,0.0
0.2412060301507538,0.2115384615384615,0.2049180327868852,0.4183673469387755,0.0,0.8777777777777779,0.5151515151515152,0.6363636363636364,Beauty,2024-08-13 11:59:39.057260,0.0,1.0
0.4422110552763819,0.3076923076923077,0.3524590163934426,0.6020408163265305,0.4117647058823529,0.0999999999999999,0.8686868686868688,0.2727272727272727,Beauty,2024-04-16 11:59:39.057343,0.0,0.0
0.1055276381909547,0.1346153846153846,0.0737704918032786,0.7346938775510203,0.6862745098039217,0.4,0.8080808080808082,0.0,Sports,2024-01-23 11:59:39.057215,1.0,0.0
0.28643216080402,0.980769230769231,0.2377049180327868,0.4591836734693877,0.7058823529411765,0.2666666666666666,0.6666666666666667,1.0,Electronics,2024-06-30 11:59:39.057274,1.0,0.0
0.8040201005025126,0.730769230769231,0.5245901639344263,0.346938775510204,0.0196078431372549,0.6444444444444445,0.4848484848484848,0.9090909090909092,Sports,2024-04-15 11:59:39.057513,0.0,1.0
0.964824120603015,0.2884615384615385,0.8032786885245902,0.0714285714285714,0.5294117647058824,0.3333333333333333,0.6060606060606062,0.4545454545454545,Home & Kitchen,2024-01-08 11:59:39.057591,1.0,0.0
0.6482412060301508,0.3846153846153847,0.4590163934426229,0.7551020408163265,0.6862745098039217,0.1111111111111111,0.97979797979798,0.4545454545454545,Beauty,2024-03-05 11:59:39.057432,1.0,1.0
0.185929648241206,0.2307692307692308,0.1557377049180328,0.7346938775510203,0.0784313725490196,0.8666666666666666,0.1111111111111111,0.0,Electronics,2024-09-12 11:59:39.057242,0.0,1.0
0.7889447236180904,0.2307692307692308,0.5163934426229508,0.7857142857142856,0.9803921568627452,0.3222222222222222,0.1515151515151515,0.0,Sports,2024-10-08 11:59:39.057505,0.0,0.0
0.9698492462311558,0.3846153846153847,0.8032786885245902,0.9183673469387754,0.607843137254902,0.2555555555555555,0.5050505050505052,0.3636363636363636,Home & Kitchen,2024-05-19 11:59:39.057593,0.0,0.0
0.0050251256281407,0.4026865094704291,0.0,0.8163265306122448,0.2549019607843137,0.9333333333333332,0.0202020202020202,0.5454545454545454,Electronics,2024-10-17 11:59:39.057179,1.0,0.0
0.2613065326633165,0.25,0.2295081967213114,0.5408163265306122,0.9607843137254902,0.1444444444444444,0.5555555555555557,0.3636363636363636,Sports,2024-08-11 11:59:39.057266,0.0,1.0
0.7487437185929648,0.3076923076923077,0.5163934426229508,0.9081632653061223,0.3137254901960784,0.9555555555555556,0.3535353535353535,0.0909090909090909,Electronics,2024-06-13 11:59:39.057484,1.0,1.0
0.6532663316582914,0.5576923076923077,0.4590163934426229,0.0816326530612244,0.1176470588235294,0.5,0.202020202020202,0.3636363636363636,Beauty,2024-04-20 11:59:39.057434,1.0,0.0
0.7587939698492462,0.4038461538461538,0.5163934426229508,0.8877551020408162,0.4901960784313726,0.0,0.5656565656565657,0.4545454545454545,Sports,2023-12-25 11:59:39.057489,1.0,0.0
0.5175879396984925,0.1538461538461538,0.3852459016393442,0.5510204081632653,0.3725490196078431,0.9888888888888888,0.3232323232323232,1.0,Electronics,2023-11-23 11:59:39.057367,1.0,0.0
0.4974874371859296,0.0384615384615384,0.3770491803278688,0.4897959183673468,0.7450980392156864,0.3222222222222222,0.3434343434343435,0.0909090909090909,Electronics,2024-01-13 11:59:39.057361,1.0,1.0
0.5829145728643216,0.8653846153846155,0.4098360655737705,0.4285714285714285,0.6862745098039217,0.0888888888888888,0.8686868686868688,0.6363636363636364,Electronics,2024-07-14 11:59:39.057396,0.0,0.0
0.4371859296482412,0.0769230769230769,0.3442622950819672,0.5510204081632653,0.3333333333333333,0.888888888888889,0.1111111111111111,0.1818181818181818,Beauty,2023-11-16 11:59:39.057341,0.0,0.0
0.371859296482412,0.7884615384615384,0.319672131147541,0.4693877551020408,0.1568627450980392,0.5444444444444444,0.2727272727272727,0.1818181818181818,Home & Kitchen,2024-07-09 11:59:39.057309,1.0,1.0
0.6080402010050251,0.3846153846153847,0.4262295081967213,0.3979591836734693,0.7843137254901961,0.6333333333333333,0.0909090909090909,0.1818181818181818,Sports,2024-04-07 11:59:39.057408,0.0,1.0
1.0,0.2307692307692308,1.0,0.836734693877551,0.8627450980392156,0.1777777777777778,0.8787878787878789,0.8181818181818182,Home & Kitchen,2024-01-24 11:59:39.057602,1.0,1.0
0.100502512562814,0.326923076923077,0.0737704918032786,0.346938775510204,0.3921568627450981,0.3333333333333333,0.5656565656565657,0.3636363636363636,Home & Kitchen,2024-03-13 11:59:39.057213,1.0,1.0
0.9447236180904522,0.4423076923076924,0.7213114754098361,0.1632653061224489,1.0,0.3111111111111111,0.7979797979797981,0.0,Beauty,2024-10-05 11:59:39.057585,0.0,1.0
0.3567839195979899,0.5576923076923077,0.2786885245901639,0.4183673469387755,0.3333333333333333,0.8777777777777779,0.7979797979797981,0.0909090909090909,Electronics,2024-08-06 11:59:39.057301,0.0,1.0
0.5326633165829145,0.9230769230769232,0.3934426229508196,0.5,0.0588235294117647,0.7111111111111111,0.7474747474747476,0.8181818181818182,Home & Kitchen,2024-04-01 11:59:39.057372,0.0,0.0
0.0703517587939698,0.3653846153846154,0.040983606557377,0.1224489795918367,0.1764705882352941,0.5444444444444444,0.5454545454545455,0.9090909090909092,Sports,2024-04-09 11:59:39.057203,1.0,0.0
0.4623115577889447,0.576923076923077,0.3688524590163934,0.4897959183673468,0.8431372549019608,0.3555555555555555,0.6969696969696971,0.9090909090909092,Clothing,2024-10-20 11:59:39.057349,1.0,1.0
0.8994974874371859,0.326923076923077,0.639344262295082,0.9081632653061223,0.6666666666666666,0.1111111111111111,0.6363636363636365,0.7272727272727273,Electronics,2024-09-05 11:59:39.057571,1.0,0.0
0.5125628140703518,0.9423076923076924,0.3852459016393442,0.5918367346938775,0.6274509803921569,0.7111111111111111,0.0,0.6363636363636364,Clothing,2024-08-15 11:59:39.057365,1.0,1.0
